{
  "y_nmr_rel": {
    "mean": 2626.114013671875,
    "std": 2992.931396484375
  },
  "y_nmr_nonrel": {
    "mean": -60.11639404296875,
    "std": 312.5335693359375
  },
  "y_delta_nmr": {
    "mean": 2686.23046875,
    "std": 2807.90087890625
  }
}